"Αττικής-Άγιος Ιωάννης Ρέντης - McDonalds","Τηλ: 2104256349 - Site: www.mcdonalds.gr","23.66663","37.97443","18233","Άγιος Ιωάννης Ρέντης","Θηβών","226"
"Αττικής-Αθήνα-Κολοκυνθού - McDonalds","Τηλ: 2105124235 - Site: www.mcdonalds.gr","23.70491","38.00109","10442","Αθήνα","Λεωφ. Κηφισού","62"
"Αττικής-Αθήνα-Σύνταγμα - McDonalds","Τηλ: 2103225984 - Site: www.mcdonalds.gr","23.73389","37.97576","10557","Αθήνα","Ερμού","2"
"Αττικής-Αιγάλεω - McDonalds","Τηλ: 2105690393 - Site: www.mcdonalds.gr","23.66567","37.99865","12351","Αιγάλεω","Ιερά Οδός","339"
"Αττικής-Άλιμος - McDonalds","Τηλ: 2109958407 - Site: www.mcdonalds.gr","23.73716","37.90676","17455","Άλιμος","Λαμίας + Τεγέας",""
"Αττικής-Βάρη - McDonalds","Τηλ: 2108972246 - Site: www.mcdonalds.gr","23.79417","37.83455","16672","Βάρη","Λεωφ. Βάρης + Κεφαλληνίας",""
"Αττικής-Βριλήσσια - McDonalds","Τηλ: 2108985552 - Site: www.mcdonalds.gr","23.83109","38.04031","15235","Βριλήσσια","Λεωφ. Πεντέλης","80"
"Αττικής-Γλυφάδα - McDonalds","Τηλ: 2108900859 - Site: www.mcdonalds.gr","23.74724","37.86328","16675","Γλυφάδα","Λεωφ. Ποσειδώνος + Βάσως Κατράκη",""
"Αττικής-Καπανδρίτι - McDonalds","Τηλ: 2295026430 - Site: www.mcdonalds.gr - ΣΕΑ Καπανδριτίου.","23.85513","38.21248","19014","Καπανδρίτι","31ο χλμ. Α/Δ Αθηνών-Θεσσαλονίκης",""
"Αττικής-Μαρούσι - McDonalds","Τηλ: 2168095886 - Site: www.mcdonalds.gr","23.79816","38.03672","15123","Μαρούσι","Λεωφ. Κηφισίας","51"
"Αττικής-Παλαιό Φάληρο - McDonalds","Τηλ: 2102725152 - Site: www.mcdonalds.gr","23.70965","37.93023","17563","Παλαιό Φάληρο","Λεωφ. Ελευθ. Βενιζέλου","190"
"Αττικής-Σπάτα-Γυαλού - McDonalds","Τηλ: 2106635919 - Site: www.mcdonalds.gr - Εμπ. Πάρκο Smart Park.","23.91331","37.98558","19004","Σπάτα","Ε. Πουλάκη",""
"Αττικής-Χαλάνδρι - McDonalds","Τηλ: 2100105463 - Site: www.mcdonalds.gr","23.80671","38.00976","15231","Χαλάνδρι","Λεωφ. Μεσογείων","343"
"Αττικής-Χαλάνδρι - McDonalds","Τηλ: 2106800845 - Site: www.mcdonalds.gr","23.79161","38.01571","15232","Χαλάνδρι","Εθν. Αντιστάσεως","36"
"Δωδεκανήσου-Ρόδος-Ρόδος - McDonalds","Τηλ: 2241032210 - Site: www.mcdonalds.gr","28.22166","36.44932","85100","Ρόδος","Γρηγ. Λαμπράκη","50"
"Δωδεκανήσου-Ρόδος-Φαληράκι - McDonalds","Τηλ: 2241085905 - Site: www.mcdonalds.gr - Εποχιακό Κατάστημα.","28.20377","36.34004","85105","Φαληράκι","Πλ. Φαληρακίου",""
"Ζακύνθου-Λαγανάς - McDonalds","Τηλ: 2695053280 - Site: www.mcdonalds.gr - Εποχιακό Κατάστημα.","20.86434","37.72515","29092","Λαγανάς","",""
"Ηρακλείου-Ηράκλειο - McDonalds","Τηλ: 2810343204 - Site: www.mcdonalds.gr","25.14185","35.33849","71306","Ηράκλειο","Λεωφ. Εθν. Αντιστάσεως","139"
"Ηρακλείου-Λιμένας Χερσονήσου - McDonalds","Τηλ: 2897024551 - Site: www.mcdonalds.gr - Εποχιακό Κατάστημα.","25.39150","35.31831","70014","Λιμένας Χερσονήσου","Αγ. Παρασκευής + Ούλωφ Πάλμε",""
"Ηρακλείου-Μάλια - McDonalds","Τηλ: 2897029640 - Site: www.mcdonalds.gr - Εποχιακό Κατάστημα.","25.46110","35.29006","70007","Μάλια","Δημοκρατίας",""
"Θεσσαλονίκης-Θεσσαλονίκη - McDonalds","Τηλ: 2310552082 - Site: www.mcdonalds.gr - Εμπ. Κέντρο One Salonica Outlet Mall.","22.92045","40.64709","54627","Θεσσαλονίκη","Γιαννιτσών","61"
"Θεσσαλονίκης-Καλαμαριά - McDonalds","Τηλ: 2316014008 - Site: www.mcdonalds.gr","22.97112","40.57439","55134","Καλαμαριά","Εθν. Αντιστάσεως","159"
"Κέρκυρας-Κέρκυρα - McDonalds","Τηλ: 2661045311 - Site: www.mcdonalds.gr","19.92335","39.62337","49100","Κέρκυρα","Καποδιστρίου","44"
"Κυκλάδων-Θήρα-Φηρά - McDonalds","Τηλ: 2286304834 - Site: www.mcdonalds.gr - Εποχιακό Κατάστημα.","25.43212","36.41897","84700","Φηρά","25ης Μαρτίου",""
"Λάρισας-Λάρισα - McDonalds","Τηλ: 2416007481 - Site: www.mcdonalds.gr","22.43199","39.62601","41335","Λάρισα","Λεωφ. Κων. Καραμανλή","37"
